"['mprotect', 'mprotect', 'mprotect', 'mprotect', 'mprotect', 'mprotect']","(165, 190)"
"['getuid32', 'writev', 'getuid32', 'writev', 'getuid32', 'writev']","(208, 297)"
"['writev', 'getuid32', 'writev', 'getuid32', 'writev', 'getuid32']","(206, 295)"
"['rt_sigprocmask', 'rt_sigprocmask', 'rt_sigprocmask', 'rt_sigprocmask', 'rt_sigprocmask', 'rt_sigprocmask']","(96, 111)"
"['sendto', 'sendto', 'sendto', 'sendto', 'sendto', 'sendto']","(83, 114)"
"['write', 'read', 'read', 'write', 'read', 'read']","(36, 43)"
"['ioctl', 'getuid32', 'epoll_pwait', 'ioctl', 'epoll_pwait', 'read']","(57, 68)"
"['recvfrom', 'recvfrom', 'recvfrom', 'recvfrom', 'recvfrom', 'recvfrom']","(44, 67)"
"['epoll_pwait', 'read', 'ioctl', 'getuid32', 'epoll_pwait', 'ioctl']","(49, 58)"
"['getuid32', 'epoll_pwait', 'ioctl', 'epoll_pwait', 'read', 'ioctl']","(48, 57)"
"['read', 'ioctl', 'getuid32', 'epoll_pwait', 'ioctl', 'epoll_pwait']","(54, 63)"
"['write', 'read', 'read', 'close', 'ioctl', 'ioctl']","(23, 28)"
"['read', 'close', 'ioctl', 'ioctl', 'write', 'read']","(23, 28)"
"['read', 'read', 'close', 'ioctl', 'ioctl', 'write']","(23, 28)"
"['close', 'ioctl', 'ioctl', 'write', 'read', 'read']","(23, 28)"
"['epoll_pwait', 'ioctl', 'epoll_pwait', 'read', 'ioctl', 'getuid32']","(32, 41)"
"['epoll_pwait', 'recvfrom', 'recvfrom', 'epoll_pwait', 'recvfrom', 'recvfrom']","(38, 57)"
"['ioctl', 'epoll_pwait', 'read', 'ioctl', 'getuid32', 'epoll_pwait']","(30, 39)"
"['recvfrom', 'epoll_pwait', 'recvfrom', 'recvfrom', 'epoll_pwait', 'recvfrom']","(35, 54)"
"['recvfrom', 'recvfrom', 'epoll_pwait', 'recvfrom', 'recvfrom', 'epoll_pwait']","(35, 54)"
"['getuid32', 'epoll_pwait', 'read', 'epoll_pwait', 'recvfrom', 'recvfrom']","(15, 20)"
"['futex', 'getuid32', 'epoll_pwait', 'read', 'epoll_pwait', 'recvfrom']","(20, 27)"
"['epoll_pwait', 'read', 'epoll_pwait', 'recvfrom', 'recvfrom', 'write']","(14, 19)"
"['read', 'epoll_pwait', 'recvfrom', 'recvfrom', 'write', 'recvfrom']","(14, 19)"
"['fstatat64', 'fstatat64', 'fstatat64', 'fstatat64', 'fstatat64', 'fstatat64']","(32, 41)"
"['futex', 'futex', 'futex', 'getuid32', 'epoll_pwait', 'read']","(10, 15)"
"['write', 'futex', 'futex', 'futex', 'getuid32', 'epoll_pwait']","(16, 21)"
"['write', 'recvfrom', 'write', 'recvfrom', 'ioctl', 'write']","(15, 20)"
"['sched_yield', 'sched_yield', 'sched_yield', 'sched_yield', 'sched_yield', 'sched_yield']","(16, 21)"
"['write', 'write', 'write', 'write', 'write', 'write']","(0, 137)"
"['getuid32', 'getuid32', 'ioctl', 'getuid32', 'ioctl', 'getuid32']","(18, 25)"
"['getuid32', 'ioctl', 'getuid32', 'epoll_pwait', 'ioctl', 'epoll_pwait']","(12, 19)"
"['getuid32', 'ioctl', 'getuid32', 'ioctl', 'getuid32', 'epoll_pwait']","(18, 25)"
"['ioctl', 'getuid32', 'getuid32', 'ioctl', 'getuid32', 'ioctl']","(18, 25)"
"['ioctl', 'getuid32', 'ioctl', 'getuid32', 'epoll_pwait', 'ioctl']","(16, 23)"
