"['read', 'read', 'read', 'read', 'read', 'read']","(557, 932)"
"['sendto', 'sendto', 'sendto', 'sendto', 'sendto', 'sendto']","(138, 179)"
"['futex', 'futex', 'futex', 'futex', 'futex', 'futex']","(72, 109)"
"['recvfrom', 'recvfrom', 'recvfrom', 'recvfrom', 'recvfrom', 'recvfrom']","(104, 143)"
"['epoll_pwait', 'read', 'epoll_pwait', 'recvfrom', 'recvfrom', 'write']","(32, 43)"
"['getuid32', 'epoll_pwait', 'read', 'epoll_pwait', 'recvfrom', 'recvfrom']","(29, 40)"
"['epoll_pwait', 'recvfrom', 'recvfrom', 'epoll_pwait', 'recvfrom', 'recvfrom']","(42, 61)"
"['rt_sigprocmask', 'rt_sigprocmask', 'rt_sigprocmask', 'rt_sigprocmask', 'rt_sigprocmask', 'rt_sigprocmask']","(120, 461)"
"['recvfrom', 'recvfrom', 'epoll_pwait', 'recvfrom', 'recvfrom', 'epoll_pwait']","(40, 61)"
"['recvfrom', 'epoll_pwait', 'recvfrom', 'recvfrom', 'epoll_pwait', 'recvfrom']","(39, 60)"
"['getuid32', 'epoll_pwait', 'getuid32', 'epoll_pwait', 'getuid32', 'epoll_pwait']","(24, 45)"
"['futex', 'getuid32', 'epoll_pwait', 'read', 'recvfrom', 'recvfrom']","(24, 31)"
"['read', 'epoll_pwait', 'recvfrom', 'recvfrom', 'write', 'recvfrom']","(21, 30)"
"['recvfrom', 'ioctl', 'getuid32', 'epoll_pwait', 'read', 'epoll_pwait']","(22, 33)"
"['write', 'write', 'write', 'write', 'write', 'write']","(32, 283)"
"['getuid32', 'epoll_pwait', 'read', 'recvfrom', 'recvfrom', 'recvfrom']","(17, 24)"
"['epoll_pwait', 'getuid32', 'epoll_pwait', 'getuid32', 'epoll_pwait', 'getuid32']","(19, 44)"
"['ioctl', 'getuid32', 'epoll_pwait', 'read', 'epoll_pwait', 'recvfrom']","(19, 30)"
"['mprotect', 'mprotect', 'mprotect', 'mprotect', 'mprotect', 'mprotect']","(185, 332)"
"['epoll_pwait', 'recvfrom', 'recvfrom', 'write', 'recvfrom', 'write']","(16, 21)"
"['futex', 'getuid32', 'epoll_pwait', 'read', 'epoll_pwait', 'recvfrom']","(21, 30)"
"['write', 'write', 'futex', 'getuid32', 'epoll_pwait', 'read']","(17, 22)"
"['write', 'futex', 'getuid32', 'epoll_pwait', 'read', 'recvfrom']","(16, 23)"
"['epoll_pwait', 'recvfrom', 'recvfrom', 'write', 'recvfrom', 'recvfrom']","(13, 18)"
"['recvfrom', 'recvfrom', 'ioctl', 'write', 'write', 'futex']","(17, 24)"
"['pread64', 'pread64', 'mmap2', 'munmap', 'pread64', 'pread64']","(15, 20)"
"['pread64', 'mmap2', 'munmap', 'pread64', 'pread64', 'mmap2']","(15, 20)"
"['epoll_pwait', 'recvfrom', 'recvfrom', 'write', 'recvfrom', 'ioctl']","(16, 29)"
"['getuid32', 'writev', 'getuid32', 'writev', 'getuid32', 'writev']","(9, 56)"
"['recvfrom', 'recvfrom', 'write', 'recvfrom', 'recvfrom', 'ioctl']","(12, 17)"
"['ioctl', 'write', 'write', 'futex', 'getuid32', 'epoll_pwait']","(13, 20)"
"['read', 'epoll_pwait', 'recvfrom', 'recvfrom', 'write', 'sendto']","(27, 50)"
"['recvfrom', 'ioctl', 'write', 'write', 'futex', 'getuid32']","(13, 20)"
"['recvfrom', 'ioctl', 'write', 'futex', 'getuid32', 'epoll_pwait']","(14, 21)"
"['futex', 'futex', 'futex', 'futex', 'futex', 'getuid32']","(9, 14)"
"['mmap2', 'munmap', 'pread64', 'pread64', 'mmap2', 'munmap']","(14, 19)"
"['ioctl', 'write', 'futex', 'getuid32', 'epoll_pwait', 'read']","(14, 21)"
"['writev', 'getuid32', 'writev', 'getuid32', 'writev', 'getuid32']","(6, 53)"
"['write', 'futex', 'getuid32', 'epoll_pwait', 'read', 'epoll_pwait']","(13, 18)"
"['futex', 'recvfrom', 'ioctl', 'getuid32', 'epoll_pwait', 'read']","(22, 41)"
"['recvfrom', 'recvfrom', 'recvfrom', 'epoll_pwait', 'recvfrom', 'recvfrom']","(11, 32)"
"['recvfrom', 'write', 'recvfrom', 'recvfrom', 'ioctl', 'write']","(14, 21)"
"['recvfrom', 'write', 'recvfrom', 'ioctl', 'write', 'futex']","(19, 28)"
"['epoll_pwait', 'read', 'recvfrom', 'recvfrom', 'recvfrom', 'recvfrom']","(10, 15)"
"['futex', 'futex', 'futex', 'futex', 'getuid32', 'epoll_pwait']","(8, 13)"
"['write', 'recvfrom', 'recvfrom', 'ioctl', 'write', 'write']","(14, 21)"
"['openat', 'fstat64', 'ioctl', 'ioctl', 'mmap2', 'close']","(8, 15)"
"['epoll_pwait', 'recvfrom', 'recvfrom', 'write', 'sendto', 'futex']","(22, 39)"
"['sendto', 'futex', 'recvfrom', 'ioctl', 'getuid32', 'epoll_pwait']","(21, 38)"
"['recvfrom', 'recvfrom', 'write', 'recvfrom', 'ioctl', 'getuid32']","(19, 38)"
"['recvfrom', 'recvfrom', 'epoll_pwait', 'recvfrom', 'recvfrom', 'recvfrom']","(9, 30)"
"['write', 'recvfrom', 'ioctl', 'getuid32', 'epoll_pwait', 'read']","(19, 38)"
"['recvfrom', 'write', 'recvfrom', 'ioctl', 'getuid32', 'epoll_pwait']","(20, 39)"
"['write', 'recvfrom', 'ioctl', 'write', 'futex', 'getuid32']","(17, 28)"
"['recvfrom', 'recvfrom', 'write', 'recvfrom', 'write', 'recvfrom']","(14, 23)"
"['recvfrom', 'recvfrom', 'write', 'sendto', 'futex', 'recvfrom']","(21, 38)"
"['recvfrom', 'write', 'sendto', 'futex', 'recvfrom', 'ioctl']","(21, 38)"
"['recvfrom', 'write', 'recvfrom', 'write', 'recvfrom', 'ioctl']","(14, 23)"
"['sendto', 'futex', 'getuid32', 'epoll_pwait', 'read', 'recvfrom']","(20, 33)"
"['sched_yield', 'sched_yield', 'sched_yield', 'sched_yield', 'sched_yield', 'sched_yield']","(45, 108)"
"['futex', 'futex', 'getuid32', 'epoll_pwait', 'read', 'epoll_pwait']","(8, 13)"
"['write', 'recvfrom', 'write', 'recvfrom', 'ioctl', 'write']","(14, 23)"
"['recvfrom', 'recvfrom', 'recvfrom', 'recvfrom', 'epoll_pwait', 'recvfrom']","(6, 33)"
"['write', 'sendto', 'futex', 'recvfrom', 'ioctl', 'getuid32']","(19, 36)"
"['futex', 'getuid32', 'epoll_pwait', 'read', 'getuid32', 'epoll_pwait']","(7, 12)"
"['recvfrom', 'recvfrom', 'recvfrom', 'recvfrom', 'ioctl', 'write']","(9, 16)"
"['recvfrom', 'epoll_pwait', 'recvfrom', 'recvfrom', 'recvfrom', 'recvfrom']","(5, 30)"
"['recvfrom', 'sendto', 'futex', 'recvfrom', 'ioctl', 'write']","(15, 24)"
"['recvfrom', 'recvfrom', 'write', 'recvfrom', 'ioctl', 'write']","(8, 15)"
"['epoll_pwait', 'recvfrom', 'recvfrom', 'recvfrom', 'recvfrom', 'epoll_pwait']","(7, 52)"
"['epoll_pwait', 'read', 'recvfrom', 'recvfrom', 'recvfrom', 'sendto']","(9, 18)"
"['recvfrom', 'recvfrom', 'recvfrom', 'ioctl', 'write', 'write']","(8, 15)"
"['sendto', 'futex', 'recvfrom', 'ioctl', 'write', 'write']","(14, 25)"
"['recvfrom', 'ioctl', 'write', 'write', 'write', 'futex']","(8, 13)"
"['futex', 'recvfrom', 'ioctl', 'write', 'write', 'sendto']","(15, 26)"
"['write', 'read', 'write', 'read', 'write', 'read']","(0, 97)"
"['epoll_pwait', 'futex', 'futex', 'futex', 'futex', 'futex']","(5, 10)"
"['recvfrom', 'recvfrom', 'sendto', 'futex', 'recvfrom', 'ioctl']","(10, 19)"
"['read', 'write', 'read', 'write', 'read', 'write']","(0, 95)"
"['write', 'sendto', 'futex', 'getuid32', 'epoll_pwait', 'read']","(13, 24)"
"['getuid32', 'epoll_pwait', 'futex', 'futex', 'futex', 'futex']","(7, 12)"
"['clock_gettime', 'clock_gettime', 'clock_gettime', 'clock_gettime', 'clock_gettime', 'clock_gettime']","(0, 248)"
"['recvfrom', 'write', 'recvfrom', 'ioctl', 'write', 'write']","(6, 11)"
"['getpid', 'getuid32', 'epoll_pwait', 'getpid', 'getuid32', 'epoll_pwait']","(36, 117)"
"['recvfrom', 'recvfrom', 'recvfrom', 'recvfrom', 'recvfrom', 'ioctl']","(5, 10)"
"['read', 'recvfrom', 'recvfrom', 'recvfrom', 'recvfrom', 'ioctl']","(8, 13)"
"['read', 'recvfrom', 'recvfrom', 'recvfrom', 'recvfrom', 'recvfrom']","(6, 11)"
"['ioctl', 'write', 'getuid32', 'epoll_pwait', 'epoll_pwait', 'recvfrom']","(4, 9)"
"['recvfrom', 'ioctl', 'write', 'getuid32', 'epoll_pwait', 'epoll_pwait']","(4, 9)"
"['getuid32', 'epoll_pwait', 'ioctl', 'ioctl', 'futex', 'futex']","(16, 25)"
"['epoll_pwait', 'read', 'recvfrom', 'recvfrom', 'recvfrom', 'write']","(7, 12)"
"['ioctl', 'ioctl', 'futex', 'futex', 'futex', 'futex']","(7, 12)"
"['recvfrom', 'recvfrom', 'recvfrom', 'sendto', 'futex', 'recvfrom']","(11, 20)"
"['close', 'openat', 'fstat64', 'ioctl', 'ioctl', 'mmap2']","(4, 17)"
"['ioctl', 'ioctl', 'mmap2', 'close', 'openat', 'fstat64']","(5, 18)"
"['fstat64', 'ioctl', 'ioctl', 'mmap2', 'close', 'openat']","(5, 18)"
"['ioctl', 'mmap2', 'close', 'openat', 'fstat64', 'ioctl']","(5, 18)"
"['mmap2', 'close', 'openat', 'fstat64', 'ioctl', 'ioctl']","(5, 18)"
"['sendto', 'recvfrom', 'ioctl', 'getuid32', 'epoll_pwait', 'read']","(10, 25)"
"['recvfrom', 'recvfrom', 'ioctl', 'write', 'write', 'write']","(7, 12)"
"['epoll_pwait', 'getuid32', 'epoll_pwait', 'ioctl', 'ioctl', 'futex']","(14, 23)"
"['recvfrom', 'ioctl', 'write', 'write', 'sendto', 'futex']","(10, 21)"
"['recvfrom', 'recvfrom', 'recvfrom', 'write', 'recvfrom', 'ioctl']","(8, 15)"
"['futex', 'futex', 'futex', 'getuid32', 'epoll_pwait', 'getuid32']","(6, 11)"
"['write', 'recvfrom', 'ioctl', 'write', 'write', 'futex']","(5, 10)"
"['sendto', 'sendto', 'futex', 'getuid32', 'epoll_pwait', 'read']","(10, 23)"
"['recvfrom', 'ioctl', 'write', 'write', 'sendto', 'sendto']","(10, 27)"
"['fstatat64', 'fstatat64', 'fstatat64', 'fstatat64', 'fstatat64', 'fstatat64']","(19, 48)"
"['read', 'recvfrom', 'recvfrom', 'recvfrom', 'write', 'recvfrom']","(11, 20)"
